,0,1,2,3,4,5,6,7,8,chain_break_fraction,energy,num_occurrences
0,-1,-1,-1,-1,-1,-1,-1,-1,-1,0.0,-2.6829865999999996,966
1,-1,-1,-1,-1,-1,-1,1,-1,-1,0.0,-2.2894518000000006,23
2,-1,-1,-1,-1,-1,1,-1,-1,-1,0.0,-2.2693246,6
3,-1,1,-1,-1,1,-1,-1,-1,-1,0.0,-2.1291293999999996,3
4,-1,-1,-1,-1,-1,-1,-1,-1,-1,0.1111111111111111,-2.6829865999999996,1
5,-1,-1,1,-1,-1,-1,-1,-1,-1,0.0,-1.7433365999999997,1
